image_name,label
0.jpg,0
1.jpg,0
10.jpg,0
100.jpg,0
101.jpg,0
102.jpg,0
104.jpg,0
105.jpg,0
106.jpg,0
107.jpg,0
108.jpg,0
109.jpg,0
11.jpg,0
110.jpg,0
111.jpg,0
112.jpg,0
114.jpg,0
115.jpg,0
116.jpg,0
117.jpg,0
118.jpg,0
119.jpg,0
12.jpg,0
120.jpg,0
122.jpg,0
123.jpg,0
124.jpg,0
125.jpg,0
127.jpg,0
128.jpg,0
129.jpg,0
13.jpg,0
130.jpg,0
131.jpg,0
132.jpg,0
133.jpg,0
134.jpg,0
135.jpg,0
136.jpg,0
137.jpg,0
138.jpg,0
139.jpg,0
14.jpg,0
140.jpg,0
141.jpg,0
142.jpg,0
143.jpg,0
145.jpg,0
146.jpg,0
148.jpg,0
149.jpg,0
15.jpg,0
151.jpg,0
152.jpg,0
153.jpg,0
154.jpg,0
155.jpg,0
156.jpg,0
157.jpg,0
158.jpg,0
159.jpg,0
16.jpg,0
160.jpg,0
161.jpg,0
162.jpg,0
163.jpg,0
164.jpg,0
166.jpg,0
168.jpg,0
169.jpg,0
17.jpg,0
170.jpg,0
171.jpg,0
172.jpg,0
173.jpg,0
174.jpg,0
175.jpg,0
176.jpg,0
177.jpg,0
178.jpg,0
179.jpg,0
18.jpg,0
180.jpg,0
181.jpg,0
183.jpg,0
184.jpg,0
185.jpg,0
186.jpg,0
187.jpg,0
188.jpg,0
19.jpg,0
191.jpg,0
192.jpg,0
193.jpg,0
194.jpg,0
195.jpg,0
196.jpg,0
197.jpg,0
198.jpg,0
2.jpg,0
20.jpg,0
201.jpg,0
203.jpg,0
204.jpg,0
206.jpg,0
207.jpg,0
208.jpg,0
210.jpg,0
211.jpg,0
212.jpg,0
213.jpg,0
214.jpg,0
215.jpg,0
216.jpg,0
217.jpg,0
218.jpg,0
22.jpg,0
220.jpg,0
221.jpg,0
222.jpg,0
223.jpg,0
224.jpg,0
225.jpg,0
226.jpg,0
227.jpg,0
228.jpg,0
229.jpg,0
23.jpg,0
230.jpg,0
231.jpg,0
232.jpg,0
233.jpg,0
234.jpg,0
237.jpg,0
239.jpg,0
24.jpg,0
240.jpg,0
241.jpg,0
242.jpg,0
243.jpg,0
244.jpg,0
246.jpg,0
247.jpg,0
248.jpg,0
249.jpg,0
250.jpg,0
251.jpg,0
252.jpg,0
253.jpg,0
254.jpg,0
255.jpg,0
256.jpg,0
258.jpg,0
259.jpg,0
26.jpg,0
260.jpg,0
261.jpg,0
262.jpg,0
263.jpg,0
264.jpg,0
265.jpg,0
266.jpg,0
267.jpg,0
269.jpg,0
27.jpg,0
270.jpg,0
271.jpg,0
275.jpg,0
276.jpg,0
278.jpg,0
28.jpg,0
280.jpg,0
281.jpg,0
282.jpg,0
283.jpg,0
284.jpg,0
285.jpg,0
286.jpg,0
287.jpg,0
288.jpg,0
289.jpg,0
29.jpg,0
290.jpg,0
291.jpg,0
292.jpg,0
293.jpg,0
294.jpg,0
295.jpg,0
297.jpg,0
298.jpg,0
299.jpg,0
3.jpg,0
30.jpg,0
300.jpg,0
301.jpg,0
302.jpg,0
303.jpg,0
306.jpg,0
307.jpg,0
308.jpg,0
309.jpg,0
31.jpg,0
310.jpg,0
311.jpg,0
312.jpg,0
315.jpg,0
316.jpg,0
317.jpg,0
318.jpg,0
319.jpg,0
32.jpg,0
321.jpg,0
322.jpg,0
323.jpg,0
324.jpg,0
325.jpg,0
326.jpg,0
327.jpg,0
328.jpg,0
329.jpg,0
33.jpg,0
330.jpg,0
331.jpg,0
332.jpg,0
334.jpg,0
335.jpg,0
336.jpg,0
337.jpg,0
338.jpg,0
339.jpg,0
34.jpg,0
340.jpg,0
341.jpg,0
344.jpg,0
345.jpg,0
347.jpg,0
348.jpg,0
349.jpg,0
350.jpg,0
351.jpg,0
352.jpg,0
353.jpg,0
354.jpg,0
355.jpg,0
356.jpg,0
359.jpg,0
36.jpg,0
360.jpg,0
361.jpg,0
362.jpg,0
363.jpg,0
364.jpg,0
365.jpg,0
367.jpg,0
368.jpg,0
37.jpg,0
370.jpg,0
372.jpg,0
373.jpg,0
374.jpg,0
375.jpg,0
376.jpg,0
378.jpg,0
379.jpg,0
383.jpg,0
384.jpg,0
385.jpg,0
386.jpg,0
387.jpg,0
388.jpg,0
389.jpg,0
39.jpg,0
390.jpg,0
391.jpg,0
392.jpg,0
393.jpg,0
394.jpg,0
395.jpg,0
397.jpg,0
398.jpg,0
399.jpg,0
4.jpg,0
40.jpg,0
400.jpg,0
401.jpg,0
402.jpg,0
403.jpg,0
404.jpg,0
405.jpg,0
406.jpg,0
407.jpg,0
408.jpg,0
409.jpg,0
410.jpg,0
411.jpg,0
412.jpg,0
413.jpg,0
414.jpg,0
415.jpg,0
416.jpg,0
417.jpg,0
419.jpg,0
42.jpg,0
420.jpg,0
421.jpg,0
422.jpg,0
423.jpg,0
424.jpg,0
425.jpg,0
426.jpg,0
427.jpg,0
428.jpg,0
43.jpg,0
430.jpg,0
431.jpg,0
432.jpg,0
434.jpg,0
435.jpg,0
436.jpg,0
437.jpg,0
438.jpg,0
439.jpg,0
44.jpg,0
440.jpg,0
441.jpg,0
442.jpg,0
443.jpg,0
444.jpg,0
445.jpg,0
446.jpg,0
447.jpg,0
448.jpg,0
449.jpg,0
45.jpg,0
450.jpg,0
451.jpg,0
452.jpg,0
453.jpg,0
454.jpg,0
455.jpg,0
456.jpg,0
457.jpg,0
458.jpg,0
459.jpg,0
46.jpg,0
460.jpg,0
461.jpg,0
462.jpg,0
463.jpg,0
464.jpg,0
465.jpg,0
466.jpg,0
467.jpg,0
468.jpg,0
469.jpg,0
47.jpg,0
475.jpg,0
476.jpg,0
477.jpg,0
478.jpg,0
48.jpg,0
480.jpg,0
49.jpg,0
50.jpg,0
51.jpg,0
52.jpg,0
53.jpg,0
54.jpg,0
55.jpg,0
56.jpg,0
57.jpg,0
58.jpg,0
59.jpg,0
6.jpg,0
61.jpg,0
62.jpg,0
63.jpg,0
64.jpg,0
65.jpg,0
66.jpg,0
67.jpg,0
69.jpg,0
7.jpg,0
70.jpg,0
73.jpg,0
74.jpg,0
76.jpg,0
77.jpg,0
79.jpg,0
80.jpg,0
81.jpg,0
83.jpg,0
84.jpg,0
86.jpg,0
87.jpg,0
88.jpg,0
89.jpg,0
9.jpg,0
90.jpg,0
91.jpg,0
92.jpg,0
93.jpg,0
94.jpg,0
95.jpg,0
96.jpg,0
97.jpg,0
98.jpg,0
99.jpg,0
0-with-mask.jpg,1
1-with-mask.jpg,1
10-with-mask.jpg,1
100-with-mask.jpg,1
101-with-mask.jpg,1
103-with-mask.jpg,1
104-with-mask.jpg,1
105-with-mask.jpg,1
106-with-mask.jpg,1
107-with-mask.jpg,1
108-with-mask.jpg,1
109-with-mask.jpg,1
11-with-mask.jpg,1
110-with-mask.jpg,1
111-with-mask.jpg,1
112-with-mask.jpg,1
113-with-mask.jpg,1
114-with-mask.jpg,1
115-with-mask.jpg,1
116-with-mask.jpg,1
117-with-mask.jpg,1
118-with-mask.jpg,1
119-with-mask.jpg,1
12-with-mask.jpg,1
120-with-mask.jpg,1
121-with-mask.jpg,1
122-with-mask.jpg,1
123-with-mask.jpg,1
124-with-mask.jpg,1
125-with-mask.jpg,1
126-with-mask.jpg,1
127-with-mask.jpg,1
128-with-mask.jpg,1
129-with-mask.jpg,1
13-with-mask.jpg,1
131-with-mask.jpg,1
132-with-mask.jpg,1
133-with-mask.jpg,1
134-with-mask.jpg,1
135-with-mask.jpg,1
136-with-mask.jpg,1
137-with-mask.jpg,1
138-with-mask.jpg,1
139-with-mask.jpg,1
14-with-mask.jpg,1
140-with-mask.jpg,1
141-with-mask.jpg,1
143-with-mask.jpg,1
144-with-mask.jpg,1
146-with-mask.jpg,1
147-with-mask.jpg,1
148-with-mask.jpg,1
15-with-mask.jpg,1
150-with-mask.jpg,1
151-with-mask.jpg,1
152-with-mask.jpg,1
153-with-mask.jpg,1
154-with-mask.jpg,1
155-with-mask.jpg,1
156-with-mask.jpg,1
157-with-mask.jpg,1
158-with-mask.jpg,1
159-with-mask.jpg,1
16-with-mask.jpg,1
160-with-mask.jpg,1
161-with-mask.jpg,1
162-with-mask.jpg,1
163-with-mask.jpg,1
165-with-mask.jpg,1
167-with-mask.jpg,1
168-with-mask.jpg,1
169-with-mask.jpg,1
17-with-mask.jpg,1
170-with-mask.jpg,1
171-with-mask.jpg,1
172-with-mask.jpg,1
173-with-mask.jpg,1
174-with-mask.jpg,1
175-with-mask.jpg,1
176-with-mask.jpg,1
177-with-mask.jpg,1
179-with-mask.jpg,1
18-with-mask.jpg,1
180-with-mask.jpg,1
181-with-mask.jpg,1
182-with-mask.jpg,1
183-with-mask.jpg,1
184-with-mask.jpg,1
185-with-mask.jpg,1
186-with-mask.jpg,1
187-with-mask.jpg,1
189-with-mask.jpg,1
19-with-mask.jpg,1
190-with-mask.jpg,1
192-with-mask.jpg,1
193-with-mask.jpg,1
194-with-mask.jpg,1
195-with-mask.jpg,1
196-with-mask.jpg,1
197-with-mask.jpg,1
198-with-mask.jpg,1
2-with-mask.jpg,1
200-with-mask.jpg,1
201-with-mask.jpg,1
202-with-mask.jpg,1
203-with-mask.jpg,1
204-with-mask.jpg,1
205-with-mask.jpg,1
206-with-mask.jpg,1
207-with-mask.jpg,1
209-with-mask.jpg,1
21-with-mask.jpg,1
211-with-mask.jpg,1
212-with-mask.jpg,1
214-with-mask.jpg,1
215-with-mask.jpg,1
217-with-mask.jpg,1
218-with-mask.jpg,1
219-with-mask.jpg,1
221-with-mask.jpg,1
222-with-mask.jpg,1
223-with-mask.jpg,1
224-with-mask.jpg,1
225-with-mask.jpg,1
226-with-mask.jpg,1
227-with-mask.jpg,1
228-with-mask.jpg,1
229-with-mask.jpg,1
23-with-mask.jpg,1
231-with-mask.jpg,1
232-with-mask.jpg,1
233-with-mask.jpg,1
234-with-mask.jpg,1
235-with-mask.jpg,1
236-with-mask.jpg,1
237-with-mask.jpg,1
238-with-mask.jpg,1
239-with-mask.jpg,1
24-with-mask.jpg,1
240-with-mask.jpg,1
241-with-mask.jpg,1
242-with-mask.jpg,1
243-with-mask.jpg,1
244-with-mask.jpg,1
245-with-mask.jpg,1
246-with-mask.jpg,1
25-with-mask.jpg,1
251-with-mask.jpg,1
252-with-mask.jpg,1
253-with-mask.jpg,1
254-with-mask.jpg,1
255-with-mask.jpg,1
256-with-mask.jpg,1
257-with-mask.jpg,1
259-with-mask.jpg,1
26-with-mask.jpg,1
260-with-mask.jpg,1
261-with-mask.jpg,1
262-with-mask.jpg,1
263-with-mask.jpg,1
267-with-mask.jpg,1
268-with-mask.jpg,1
269-with-mask.jpg,1
27-with-mask.jpg,1
270-with-mask.jpg,1
272-with-mask.jpg,1
273-with-mask.jpg,1
274-with-mask.jpg,1
275-with-mask.jpg,1
276-with-mask.jpg,1
277-with-mask.jpg,1
278-with-mask.jpg,1
279-with-mask.jpg,1
281-with-mask.jpg,1
282-with-mask.jpg,1
283-with-mask.jpg,1
284-with-mask.jpg,1
285-with-mask.jpg,1
286-with-mask.jpg,1
287-with-mask.jpg,1
288-with-mask.jpg,1
289-with-mask.jpg,1
29-with-mask.jpg,1
290-with-mask.jpg,1
291-with-mask.jpg,1
293-with-mask.jpg,1
294-with-mask.jpg,1
295-with-mask.jpg,1
296-with-mask.jpg,1
297-with-mask.jpg,1
298-with-mask.jpg,1
299-with-mask.jpg,1
3-with-mask.jpg,1
30-with-mask.jpg,1
301-with-mask.jpg,1
302-with-mask.jpg,1
303-with-mask.jpg,1
304-with-mask.jpg,1
305-with-mask.jpg,1
306-with-mask.jpg,1
307-with-mask.jpg,1
308-with-mask.jpg,1
309-with-mask.jpg,1
31-with-mask.jpg,1
311-with-mask.jpg,1
313-with-mask.jpg,1
314-with-mask.jpg,1
315-with-mask.jpg,1
316-with-mask.jpg,1
317-with-mask.jpg,1
318-with-mask.jpg,1
319-with-mask.jpg,1
32-with-mask.jpg,1
322-with-mask.jpg,1
323-with-mask.jpg,1
324-with-mask.jpg,1
325-with-mask.jpg,1
326-with-mask.jpg,1
327-with-mask.jpg,1
33-with-mask.jpg,1
330-with-mask.jpg,1
331-with-mask.jpg,1
332-with-mask.jpg,1
333-with-mask.jpg,1
334-with-mask.jpg,1
335-with-mask.jpg,1
336-with-mask.jpg,1
338-with-mask.jpg,1
339-with-mask.jpg,1
34-with-mask.jpg,1
340-with-mask.jpg,1
342-with-mask.jpg,1
343-with-mask.jpg,1
344-with-mask.jpg,1
345-with-mask.jpg,1
346-with-mask.jpg,1
347-with-mask.jpg,1
348-with-mask.jpg,1
349-with-mask.jpg,1
35-with-mask.jpg,1
351-with-mask.jpg,1
353-with-mask.jpg,1
355-with-mask.jpg,1
356-with-mask.jpg,1
357-with-mask.jpg,1
358-with-mask.jpg,1
359-with-mask.jpg,1
36-with-mask.jpg,1
362-with-mask.jpg,1
364-with-mask.jpg,1
365-with-mask.jpg,1
366-with-mask.jpg,1
368-with-mask.jpg,1
369-with-mask.jpg,1
37-with-mask.jpg,1
374-with-mask.jpg,1
375-with-mask.jpg,1
376-with-mask.jpg,1
377-with-mask.jpg,1
378-with-mask.jpg,1
379-with-mask.jpg,1
38-with-mask.jpg,1
380-with-mask.jpg,1
381-with-mask.jpg,1
382-with-mask.jpg,1
383-with-mask.jpg,1
384-with-mask.jpg,1
385-with-mask.jpg,1
386-with-mask.jpg,1
387-with-mask.jpg,1
39-with-mask.jpg,1
390-with-mask.jpg,1
391-with-mask.jpg,1
392-with-mask.jpg,1
393-with-mask.jpg,1
394-with-mask.jpg,1
395-with-mask.jpg,1
396-with-mask.jpg,1
397-with-mask.jpg,1
398-with-mask.jpg,1
399-with-mask.jpg,1
4-with-mask.jpg,1
40-with-mask.jpg,1
400-with-mask.jpg,1
401-with-mask.jpg,1
402-with-mask.jpg,1
404-with-mask.jpg,1
405-with-mask.jpg,1
406-with-mask.jpg,1
407-with-mask.jpg,1
408-with-mask.jpg,1
409-with-mask.jpg,1
41-with-mask.jpg,1
411-with-mask.jpg,1
413-with-mask.jpg,1
414-with-mask.jpg,1
415-with-mask.jpg,1
416-with-mask.jpg,1
417-with-mask.jpg,1
418-with-mask.jpg,1
419-with-mask.jpg,1
42-with-mask.jpg,1
420-with-mask.jpg,1
421-with-mask.jpg,1
422-with-mask.jpg,1
424-with-mask.jpg,1
425-with-mask.jpg,1
426-with-mask.jpg,1
427-with-mask.jpg,1
429-with-mask.jpg,1
43-with-mask.jpg,1
430-with-mask.jpg,1
431-with-mask.jpg,1
432-with-mask.jpg,1
433-with-mask.jpg,1
434-with-mask.jpg,1
435-with-mask.jpg,1
436-with-mask.jpg,1
438-with-mask.jpg,1
439-with-mask.jpg,1
440-with-mask.jpg,1
441-with-mask.jpg,1
442-with-mask.jpg,1
443-with-mask.jpg,1
444-with-mask.jpg,1
445-with-mask.jpg,1
446-with-mask.jpg,1
447-with-mask.jpg,1
448-with-mask.jpg,1
449-with-mask.jpg,1
45-with-mask.jpg,1
450-with-mask.jpg,1
451-with-mask.jpg,1
452-with-mask.jpg,1
453-with-mask.jpg,1
454-with-mask.jpg,1
455-with-mask.jpg,1
456-with-mask.jpg,1
457-with-mask.jpg,1
458-with-mask.jpg,1
459-with-mask.jpg,1
46-with-mask.jpg,1
460-with-mask.jpg,1
461-with-mask.jpg,1
462-with-mask.jpg,1
463-with-mask.jpg,1
464-with-mask.jpg,1
466-with-mask.jpg,1
467-with-mask.jpg,1
47-with-mask.jpg,1
471-with-mask.jpg,1
472-with-mask.jpg,1
473-with-mask.jpg,1
474-with-mask.jpg,1
475-with-mask.jpg,1
476-with-mask.jpg,1
477-with-mask.jpg,1
478-with-mask.jpg,1
479-with-mask.jpg,1
48-with-mask.jpg,1
480-with-mask.jpg,1
481-with-mask.jpg,1
49-with-mask.jpg,1
5-with-mask.jpg,1
50-with-mask.jpg,1
51-with-mask.jpg,1
52-with-mask.jpg,1
53-with-mask.jpg,1
56-with-mask.jpg,1
57-with-mask.jpg,1
59-with-mask.jpg,1
6-with-mask.jpg,1
61-with-mask.jpg,1
62-with-mask.jpg,1
64-with-mask.jpg,1
65-with-mask.jpg,1
67-with-mask.jpg,1
68-with-mask.jpg,1
7-with-mask.jpg,1
70-with-mask.jpg,1
71-with-mask.jpg,1
72-with-mask.jpg,1
73-with-mask.jpg,1
74-with-mask.jpg,1
75-with-mask.jpg,1
76-with-mask.jpg,1
77-with-mask.jpg,1
78-with-mask.jpg,1
79-with-mask.jpg,1
8-with-mask.jpg,1
80-with-mask.jpg,1
81-with-mask.jpg,1
82-with-mask.jpg,1
83-with-mask.jpg,1
84-with-mask.jpg,1
85-with-mask.jpg,1
86-with-mask.jpg,1
88-with-mask.jpg,1
89-with-mask.jpg,1
9-with-mask.jpg,1
91-with-mask.jpg,1
92-with-mask.jpg,1
93-with-mask.jpg,1
94-with-mask.jpg,1
96-with-mask.jpg,1
97-with-mask.jpg,1
98-with-mask.jpg,1
99-with-mask.jpg,1
pra1.jpg,1
pra2.jpg,1
pra3.jpg,1
prajna.jpg,1